INTERSECTION,CAMERA_INSTALL_YEAR,LATITUDE,LONGITUDE,X,Y,CAMERA_FACING,JANUARY,FEBRUARY,MARCH,APRIL,MAY,JUNE,JULY,AUGUST,SEPTEMBER,OCTOBER,NOVEMBER,DECEMBER,TOTAL_VIOLATIONS,HIGHEST_MONTHLY_TOTAL,ObjectId
WALKEY @ HAWTHORNE  / RUSSELL ,2008,45.39294866,-75.60758145,374674.7381,5028499.542,Eastbound,64,,,,,,,,,,,,64,64,1
ST LAURENT @ BELFAST,2008,45.41183341,-75.63045981,372860.726,5030578.562,Southbound,42,,,,,,,,,,,,42,42,2
CAMPEAU @ HWY 417 WB,2008,45.32259424,-75.8871873,352841.6241,5020476.478,Northbound,41,,,,,,,,,,,,41,41,3
CATHERINE @ KENT,2008,45.40878852,-75.69378269,367907.7071,5030188.565,Westbound,35,,,,,,,,,,,,35,35,4
BASELINE @ MERIVALE,2008,45.36528328,-75.73082093,365054.6989,5025325.524,Westbound,34,,,,,,,,,,,,34,34,5
BANK @ HUNT CLUB,2008,45.35363104,-75.64733066,371608.731,5024096.514,Eastbound,34,,,,,,,,,,,,34,34,6
CATHERINE & O'CONNOR @ HWY 417 WB,2008,45.41059369,-75.68946437,368243.7079,5030392.567,Westbound,N/A,,,,,,,,,,,,0,0,7
BOOTH @ WELLINGTON (RR40),2009,45.41629602,-75.71467416,366264.257,5031006.688,Eastbound,39,,,,,,,,,,,,39,39,8
TENTH LINE  / CHARLEMAGNE @ TOMPKINS ,2008,45.47732608,-75.4974114,383183.9299,5037977.882,Southbound,36,,,,,,,,,,,,36,36,9
BANK @ RIVERSIDE N. (RR19),2008,45.38882841,-75.67723452,369225.7159,5027983.546,Westbound,N/A,,,,,,,,,,,,0,0,10
CARLING @ ISLAND PARK ,2008,45.38919155,-75.72662713,365357.6989,5027985.547,Eastbound,57,,,,,,,,,,,,57,57,11
KING EDWARD @ ST. PATRICK,2011,45.43246674,-75.68908746,368248.7041,5032823.589,Southbound,15,,,,,,,,,,,,15,15,12
BRONSON @ COMMISSIONER / SLATER ,2010,45.41572863,-75.70823681,366768.7019,5030948.573,Southbound,15,,,,,,,,,,,,15,15,13
ALBERT @ BOOTH,2010,45.41291758,-75.71265182,366426.212,5030632.794,Eastbound,21,,,,,,,,,,,,21,21,14
BANK @ HERON,2010,45.37857171,-75.66755153,369995.72,5026851.536,Northbound,N/A,,,,,,,,,,,,0,0,15
CYRVILLE @ INNES,2010,45.41648492,-75.60244499,375047.734,5031119.561,Westbound,48,,,,,,,,,,,,48,48,16
DUFORD / PLACE D'ORLEANS @ ST JOSEPH,2010,45.47762664,-75.51259116,381996.7441,5037996.587,Westbound,59,,,,,,,,,,,,59,59,17
BERRIGAN @ WESSEX / GREENBANK,2010,45.2749753,-75.74900599,363723.6849,5015276.436,Southbound,N/A,,,,,,,,,,,,0,0,18
HOLLAND & ISLAND PARK @ NCC DRIVEWAY,2010,45.38857382,-75.72576713,365425.7,5027917.547,Southbound,29,,,,,,,,,,,,29,29,19
CONROY @ LORRY GREENBERG ,2010,45.36947236,-75.62207744,373568.186,5025878.183,Southbound,37,,,,,,,,,,,,37,37,20
AVIATION PARKWAY @ OGILVIE ,2010,45.42798671,-75.62701694,373110.723,5032376.576,Westbound,18,,,,,,,,,,,,18,18,21
HAWTHORNE AVE/ISABELLA ST @ QUEEN ELIZABETH DRWY,2010,45.41131111,-75.68406267,368665.7101,5030476.567,Eastbound,44,,,,,,,,,,,,44,44,22
FISHER @ MEADOWLANDS,2010,45.36263085,-75.71144959,366575.0649,5025045.446,Southbound,57,,,,,,,,,,,,57,57,23
SAUNDERSON @ SMYTH,2011,45.40054791,-75.63148873,372793.729,5029323.552,Eastbound,22,,,,,,,,,,,,22,22,24
JOCKVALE @ STRANDHERD,2011,45.26870306,-75.75116853,363560.4819,5014577.85,Eastbound,17,,,,,,,,,,,,17,17,25
BLAIR @ REGIONAL RD 174 W.,2011,45.43336965,-75.60745592,374634.7279,5032991.577,Eastbound,20,,,,,,,,,,,,20,20,26
ALBERT @ KENT,2001,45.41902653,-75.70240246,367221.703,5031319.576,Northbound,38,,,,,,,,,,,,38,38,27
KING EDWARD @ ST. ANDREW ,2012,45.43379539,-75.68991198,368182.703,5032970.591,Northbound,227,,,,,,,,,,,,227,227,28
MERIVALE @ MEADOWLANDS,2001,45.35090342,-75.73351715,364858.6981,5023725.511,Northbound,65,,,,,,,,,,,,65,65,29
HERON @ RIVERSIDE ,2001,45.37677184,-75.69148988,368122.926,5026632.41,Eastbound,46,,,,,,,,,,,,46,46,30
CARLING @ RICHMOND,2001,45.36078523,-75.79226646,360245.6751,5024781.518,Westbound,47,,,,,,,,,,,,47,47,31
BRONSON @ CARLING / GLEBE,2001,45.40100097,-75.69965431,367456.7071,5029318.558,Southbound,18,,,,,,,,,,,,18,18,32
COVENTRY / OGILVIE @ ST. LAURENT ,2001,45.4242409,-75.63736161,372305.7211,5031951.574,Northbound,51,,,,,,,,,,,,51,51,33
HAZELDEAN / ROBERTSON @ EAGLESON,2001,45.30407235,-75.87677745,353673.6249,5018424.46,Southbound,30,,,,,,,,,,,,30,30,34
BERRIGAN @ WESSEX / GREENBANK,2016,45.2749753,-75.74900599,363723.6849,5015276.436,Northbound,53,,,,,,,,,,,,53,53,35
ST. JOSEPH @ OLD TENTH LINE ,2018,45.48460028,-75.49810341,383119.7471,5038785.587,Eastbound,35,,,,,,,,,,,,35,35,36
CATHERINE @ KENT,2017,45.40878852,-75.69378269,367907.7071,5030188.565,Northbound,91,,,,,,,,,,,,91,91,37
BANK @ RIVERSIDE S. ,2017,45.38802034,-75.67623737,369304.7159,5027894.545,Northbound,N/A,,,,,,,,,,,,0,0,38
KIRKWOOD @ COLDREY,2017,45.38163119,-75.73846511,364438.6959,5027136.54,Northbound,48,,,,,,,,,,,,48,48,39
GLADSTONE @ ROCHESTER,2017,45.40529157,-75.70973672,366662.703,5029787.563,Westbound,32,,,,,,,,,,,,32,32,40
BAY @ SLATER,2018,45.41687927,-75.70547366,366983.7019,5031078.574,Eastbound,22,,,,,,,,,,,,22,22,41
BRONSON @ POWELL,2017,45.40243467,-75.70051327,367387.8789,5029477.214,Southbound,N/A,,,,,,,,,,,,0,0,42
ELGIN @ SLATER,2018,45.42190879,-75.69381322,367890.7049,5031646.579,Eastbound,2,,,,,,,,,,,,2,2,43
KENT @ ARLINGTON,2018,45.40941288,-75.69427205,367868.7071,5030257.566,Northbound,124,,,,,,,,,,,,124,124,44
AVIATION PARKWAY @ MONTREAL,2017,45.44366406,-75.63909822,372146.7151,5034108.594,Eastbound,57,,,,,,,,,,,,57,57,45
PRINCE OF WALES @ HOGS BACK / MEADOWLANDS,2017,45.36839102,-75.70119678,367371.9189,5025693.477,Northbound,29,,,,,,,,,,,,29,29,46
MURRAY @ SUSSEX,2018,45.4286548,-75.69605817,367707.526,5032394.497,Northbound,55,,,,,,,,,,,,55,55,47
FALLOWFIELD @ CEDARVIEW,2017,45.27866592,-75.7799176,361294.6699,5015664.437,Westbound,27,,,,,,,,,,,,27,27,48
INNES @ ORLEANS,2017,45.44450342,-75.53280378,380460.7951,5034296.403,Southbound,24,,,,,,,,,,,,24,24,49
WALKLEY @ GLENHAVEN / ANAND,2017,45.36973398,-75.66494736,370209.861,5025871.531,Eastbound,47,,,,,,,,,,,,47,47,50
ST. JOSEPH @ TENTH LINE ,2018,45.48355406,-75.50105058,382890.809,5038666.453,Eastbound,34,,,,,,,,,,,,34,34,51
HERON @ 155m W OF BANK ,2017,45.3784036,-75.66945865,369846.5513,5026831.311,Eastbound,88,,,,,,,,,,,,88,88,52
TENTH LINE @ VANGUARD,2017,45.45833915,-75.48637951,384073.031,5035878.694,Northbound,65,,,,,,,,,,,,65,65,53
HAWTHORNE @ LEITRIM ,2017,45.34061302,-75.57823933,377038.7589,5022709.501,Northbound,12,,,,,,,,,,,,12,12,54
LYON @ SLATER,2018,45.417535,-75.703944,367102.703,5031152.575,Southbound,N/A,,,,,,,,,,,,0,0,55
WALKLEY @ RYDER / DON RIED,2020,45.3822204,-75.63422114,372601.7269,5027284.544,Westbound,N/A,,,,,,,,,,,,0,0,56
BANK @ HUNT CLUB,2020,45.35363104,-75.64733066,371608.731,5024096.514,Northbound,14,,,,,,,,,,,,14,14,57
O'CONNOR ST @ HWY 417 WB ON RAMP / CATHERINE,2020,45.41059366,-75.68946433,368243.711,5030392.564,Southbound,17,,,,,,,,,,,,17,17,58
CARLING @ IROQUOIS,2020,45.37182033,-75.76700336,362213.686,5026025.53,Eastbound,34,,,,,,,,,,,,34,34,59
KING EDWARD @ BESSERER,2020,45.42809335,-75.68529062,368550.7052,5032340.582,Northbound,119,,,,,,,,,,,,119,119,60
RUSSELL @ ST-LAURENT,2020,45.39990521,-75.62158646,373569.7331,5029260.545,Southbound,96,,,,,,,,,,,,96,96,61
MONTREAL @ BRITTANY,2021,45.44266084,-75.64210469,371912.714,5033994.593,Westbound,58,,,,,,,,,,,,58,58,62
HUNT CLUB @ DOWNPARTICK /MCCARTY,2021,45.34747262,-75.66147357,370507.726,5023400.509,Eastbound,117,,,,,,,,,,,,117,117,63
HERON @ JEFFERSON,2021,45.38020918,-75.6443775,371808.7279,5027052.536,Westbound,51,,,,,,,,,,,,51,51,64
MARCH @ CARP,2021,45.33454599,-76.02328249,342164.5471,5021732.505,Eastbound,10,,,,,,,,,,,,10,10,65
JEANNE D'ARC @ CHAMPLAIN,2021,45.48423559,-75.52036864,381379.7381,5038723.597,Eastbound,32,,,,,,,,,,,,32,32,66
EAGLESON @ COPE,2021,45.28243692,-75.86494308,354620.626,5016027.438,Southbound,17,,,,,,,,,,,,17,17,67
CARLING @ ISLAND PARK,2021,45.38930031,-75.72674059,365348.6989,5027997.548,Westbound,54,,,,,,,,,,,,54,54,68
ALBION @ RIDEAU,2022,45.28650966,-75.60392333,375092.7522,5016674.46,Southbound,19,,,,,,,,,,,,19,19,69
BANK @ RIVERSIDE N,2022,45.38882841,-75.67723452,369225.7159,5027983.546,Northbound,N/A,,,,,,,,,,,,0,0,70
HUNT CLUB @ CAHILL,2022,45.35756736,-75.63707326,372407.7347,5024542.509,Westbound,31,,,,,,,,,,,,31,31,71
CARLING @ MERIVALE,2022,45.38666703,-75.73257414,364894.7038,5027700.544,Westbound,29,,,,,,,,,,,,29,29,72
CARLING @ 195M W OF IROQUOIS,2022,45.37087356,-75.76881154,362073.0121,5025919.029,Westbound,25,,,,,,,,,,,,25,25,73
CARLING @ FAIRLAWN,2022,45.37008858,-75.77058769,361934.679,5025830.534,Eastbound,11,,,,,,,,,,,,11,11,74
CARP @ RICHARDSON SIDE,2022,45.29317806,-75.97205827,346209.5557,5017160.457,Southbound,21,,,,,,,,,,,,21,21,75
CONROY @ JOHNSTON,2022,45.37336061,-75.62420532,373396.8071,5026308.46,Northbound,69,,,,,,,,,,,,69,69,76
CONROY @ LORRY GREENBERG,2022,45.36947236,-75.62207744,373568.186,5025878.183,Northbound,54,,,,,,,,,,,,54,54,77
SMYTH @ HAIG,2022,45.40034514,-75.63441699,372564.7249,5029298.548,Eastbound,18,,,,,,,,,,,,18,18,78
CARLING @ HOLLY ACRES,2022,45.34938793,-75.81807293,358234.6563,5023497.518,Eastbound,87,,,,,,,,,,,,87,87,79
JEANNE D'ARC @ VINEYARDS /FORTUNE,2022,45.47233893,-75.54795751,379238.7286,5037375.598,Northbound,N/A,,,,,,,,,,,,0,0,80
TERRY FOX @ 135M S OF HAZELDEAN,2022,45.29260541,-75.89451488,352292.2135,5017139.577,Northbound,44,,,,,,,,,,,,44,44,81
VANIER PARKWAY @ PRESLAND,2022,45.42262016,-75.6613151,370433.1219,5031751.637,Southbound,59,,,,,,,,,,,,59,59,82
ELGIN ST @ SLATER ST,2022,45.42190879,-75.69381322,367890.7049,5031646.579,Southbound,39,,,,,,,,,,,,39,39,83
WELLINGTON ST @ BAY ST,2022,45.41935066,-75.70759843,366814.7011,5031351.577,Eastbound,113,,,,,,,,,,,,113,113,84
NAVAN @ RENAUD,2022,45.43032102,-75.51571663,381816.7611,5032736.549,Southbound,4,,,,,,,,,,,,4,4,85
MAITLAND @ ERINDALE/GLENMOUNT,2025,45.36426544,-75.7477951,363726.061,5025199.85,Northbound,116,,,,,,,,,,,,116,116,86
